 frame1605, 36592, 4.695978029311363  
 frame3012, 60161, 7.720669387336054  
 frame226, 14325, 1.8383768383768386  
 frame232, 6187, 0.7939991273324606  
 frame2318, 49323, 6.3297913297913295  
 frame3006, 52801, 6.776135109468444  
 frame1611, 64371, 8.260953260953261  
 frame1407, 49122, 6.3039963039963025  
 frame1413, 47208, 6.05836605836606  
 frame2907, 41633, 5.3429070095736755  
 frame839, 28769, 3.6920253586920255  
 frame2913, 53076, 6.811426811426812  
 frame811, 17715, 2.273427273427274  
 frame805, 38550, 4.947254947254946  
 frame1215, 38876, 4.9890916557583225  
 frame636, 7801, 1.0011293344626677  
 frame622, 21129, 2.711557711557712  
 frame2708, 51584, 6.619953286619953  
 frame1201, 57874, 7.427170760504095  
 frame2720, 67886, 8.712045378712045  
 frame1229, 45020, 5.777572444239111  
 frame434, 7094, 0.9103975770642437  
 frame1017, 44725, 5.739714073047406  
 frame1003, 25826, 3.314339981006647  
 frame420, 8484, 1.088781088781089  
 frame408, 7857, 1.008316008316008  
 frame409, 7876, 1.0107543440876776  
 frame1002, 36519, 4.686609686609686  
 frame421, 9066, 1.1634711634711636  
 frame435, 11439, 1.4680064680064677  
 frame1016, 47332, 6.074279407612741  
 frame1228, 41919, 5.37961037961038  
 frame623, 16082, 2.0638587305253973  
 frame1200, 50088, 6.427966427966426  
 frame2709, 47970, 6.156156156156157  
 frame1214, 72062, 9.247965914632582  
 frame637, 10757, 1.3804830471497143  
 frame804, 56932, 7.306280639613973  
 frame810, 23467, 3.0116013449346792  
 frame838, 30082, 3.860527193860527  
 frame2906, 73870, 9.479992813326147  
 frame1412, 58223, 7.471959138625804  
 frame1406, 45111, 5.789250789250789  
 frame233, 9930, 1.2743512743512746  
 frame1610, 65300, 8.380175046841712  
 frame3007, 35561, 4.563666230332898  
 frame2319, 71718, 9.2038192038192  
 frame3013, 50118, 6.431816431816431  
 frame1604, 53709, 6.892661892661892  
 frame227, 7432, 0.9537742871076204  
 frame1809, 42629, 5.470727137393806  
 frame3005, 53681, 6.889068555735224  
 frame1612, 43471, 5.578783912117245  
 frame231, 4783, 0.6138189471522806  
 frame225, 14784, 1.8972818972818972  
 frame1606, 51713, 6.6365083031749705  
 frame3011, 52287, 6.71017171017171  
 frame219, 6462, 0.8292908292908293  
 frame2119, 38701, 4.966633299966629  
 frame1404, 43373, 5.5662072328739  
 frame1438, 40518, 5.1998151998152  
 frame2910, 72073, 9.249377582710915  
 frame2904, 47577, 6.1057211057211065  
 frame806, 37869, 4.859859859859859  
 frame812, 26498, 3.4005800672467337  
 frame1202, 40406, 5.18544185210852  
 frame621, 15762, 2.022792022792023  
 frame635, 12101, 1.552963219629886  
 frame1216, 54938, 7.050383717050384  
 frame609, 10568, 1.35622802289469  
 frame423, 12684, 1.6277816277816275  
 frame1000, 25075, 3.217961551294884  
 frame2509, 62651, 8.040219706886372  
 frame1014, 34244, 4.394651061317728  
 frame437, 12397, 1.5909499242832579  
 frame1028, 38125, 4.89271322604656  
 frame2520, 64693, 8.30227663560997  
 frame1029, 36152, 4.639511306177973  
 frame1015, 38925, 4.995379995379994  
 frame436, 15529, 1.9928903262236595  
 frame422, 11739, 1.5065065065065062  
 frame2508, 45951, 5.897050897050898  
 frame1001, 35653, 4.575472908806243  
 frame608, 15825, 2.0308770308770314  
 frame634, 10589, 1.3589230255896925  
 frame1217, 62380, 8.005441338774673  
 frame1203, 41455, 5.320063653396986  
 frame620, 20599, 2.6435409768743092  
 frame813, 43682, 5.605862272528939  
 frame807, 57381, 7.3639023639023655  
 frame2905, 58891, 7.557685891019224  
 frame2911, 44488, 5.709299042632376  
 frame1439, 52578, 6.747516747516746  
 frame1405, 53331, 6.8441518441518445  
 frame2118, 38452, 4.934678268011603  
 frame1411, 43396, 5.569158902492236  
 frame218, 5438, 0.6978773645440312  
 frame224, 10351, 1.3283796617129948  
 frame3010, 55683, 7.145992145992147  
 frame1607, 58416, 7.4967274967274955  
 frame1613, 51495, 6.608531608531609  
 frame3004, 41023, 5.264623597956931  
 frame230, 9343, 1.1990195323528658  
 frame1820, 45149, 5.794127460794125  
 frame1808, 66785, 8.570750237416906  
 frame1818, 49326, 6.33017633017633  
 frame208, 4070, 0.5223171889838555  
 frame234, 17950, 2.3035856369189704  
 frame3000, 53848, 6.910500243833576  
 frame1617, 53204, 6.82785349452016  
 frame1603, 70596, 9.059829059829058  
 frame3014, 50900, 6.532173198839867  
 frame220, 5726, 0.7348374015040682  
 frame2120, 50529, 6.484561484561486  
 frame1429, 52026, 6.676676676676677  
 frame1415, 65813, 8.44601011267678  
 frame2108, 29012, 3.723210389877056  
 frame1401, 52490, 6.7362234028900705  
 frame803, 61929, 7.947562947562945  
 frame817, 20508, 2.6318626318626315  
 frame2915, 54094, 6.942070275403606  
 frame2901, 57583, 7.389825723159056  
 frame618, 15167, 1.9464336131002802  
 frame624, 14120, 1.8120684787351453  
 frame1207, 36245, 4.651446318112986  
 frame1213, 52020, 6.675906675906675  
 frame630, 8165, 1.0478427145093812  
 frame1039, 53380, 6.850440183773515  
 frame1005, 42947, 5.511537178203842  
 frame426, 10194, 1.308231308231308  
 frame432, 7322, 0.9396576063242729  
 frame2518, 76830, 9.859859859859856  
 frame1011, 34109, 4.377326043992713  
 frame433, 8755, 1.1235594568927905  
 frame1010, 36931, 4.739483072816407  
 frame2519, 64316, 8.253894920561587  
 frame1004, 37109, 4.762326428993095  
 frame427, 7590, 0.9740509740509742  
 frame1038, 39011, 5.00641667308334  
 frame1212, 35657, 4.57598624265291  
 frame631, 8858, 1.13677780344447  
 frame625, 18475, 2.370960704294038  
 frame1206, 31884, 4.091784091784092  
 frame619, 18440, 2.366469033135699  
 frame2900, 49246, 6.319909653242986  
 frame2914, 51616, 6.624059957393292  
 frame816, 35747, 4.587536254202921  
 frame802, 52523, 6.740458407125075  
 frame1400, 53120, 6.81707348374015  
 frame2109, 42299, 5.428377095043764  
 frame1414, 55104, 7.07168707168707  
 frame1428, 53355, 6.847231847231846  
 frame3015, 50042, 6.422063088729758  
 frame1602, 63909, 8.201663201663202  
 frame221, 8211, 1.0537460537460535  
 frame235, 16238, 2.083878750545418  
 frame1616, 73315, 9.408767742101077  
 frame3001, 42671, 5.47611714278381  
 frame209, 2033, 0.26090192756859426  
 frame1819, 56262, 7.22029722029722  
 frame1628, 46200, 5.929005929005928  
 frame2321, 73476, 9.42942942942943  
 frame223, 8119, 1.0419393752727082  
 frame1600, 87249, 11.1969661969662  
 frame2309, 53241, 6.832601832601834  
 frame3017, 54844, 7.038320371653704  
 frame3003, 44126, 5.662842329508996  
 frame1614, 53571, 6.874951874951874  
 frame237, 7124, 0.9142475809142476  
 frame1402, 38450, 4.9344216010882676  
 frame1416, 53646, 6.8845768845768855  
 frame814, 38865, 4.987679987679988  
 frame800, 38120, 4.892071558738227  
 frame828, 28792, 3.6949770283103622  
 frame2902, 61625, 7.9085495752162425  
 frame2916, 75466, 9.68481301814635  
 frame1238, 54225, 6.958881958881961  
 frame633, 9805, 1.2583095916429252  
 frame1210, 48793, 6.261774595107929  
 frame2719, 62625, 8.036883036883037  
 frame1204, 53595, 6.878031878031878  
 frame627, 12392, 1.5903082569749238  
 frame419, 9719, 1.2472729139395802  
 frame1012, 29442, 3.778393778393779  
 frame431, 5994, 0.7692307692307693  
 frame425, 12501, 1.604296604296604  
 frame1006, 30471, 3.910448910448911  
 frame424, 14684, 1.8844485511152183  
 frame1007, 28359, 3.6394086394086393  
 frame1013, 38708, 4.967531634198301  
 frame430, 6824, 0.8757475424142088  
 frame418, 8492, 1.089807756474423  
 frame1205, 46963, 6.026924360257694  
 frame626, 14849, 1.905623572290239  
 frame632, 12254, 1.5725982392649056  
 frame2718, 43794, 5.620235620235621  
 frame1211, 57182, 7.338364005030671  
 frame1239, 53325, 6.8433818433818425  
 frame2917, 45984, 5.9012859012859025  
 frame829, 29534, 3.790200456867123  
 frame2903, 50024, 6.419753086419754  
 frame801, 33349, 4.279792613125947  
 frame815, 28554, 3.6644336644336635  
 frame1417, 51117, 6.56002156002156  
 frame1403, 39503, 5.069556736223404  
 frame1615, 62790, 8.058058058058059  
 frame3002, 51760, 6.6425399758733095  
 frame236, 7690, 0.9868843202176535  
 frame222, 10630, 1.3641846975180307  
 frame3016, 52811, 6.777418444085111  
 frame2308, 55693, 7.147275480608814  
 frame1601, 59755, 7.668566001899335  
 frame2320, 74252, 9.529016195682864  
 frame1629, 48457, 6.218654551987885  
 frame1100, 32608, 4.184697518030852  
 frame2409, 40622, 5.213161879828546  
 frame523, 11720, 1.5040681707348373  
 frame537, 11270, 1.4463181129847793  
 frame1128, 29125, 3.7377120710454053  
 frame2810, 31110, 3.9924539924539912  
 frame2804, 46939, 6.0238443571776905  
 frame906, 26059, 3.3442416775750097  
 frame912, 32748, 4.202664202664204  
 frame721, 15654, 2.008932008932009  
 frame1302, 49273, 6.323374656707988  
 frame1316, 54406, 6.982110315443648  
 frame735, 18186, 2.333872333872334  
 frame709, 19885, 2.5519108852442183  
 frame1510, 60817, 7.804856138189471  
 frame2019, 48652, 6.2436795770129105  
 frame1504, 81618, 10.474320474320475  
 frame1538, 36292, 4.657477990811325  
 frame1909, 73389, 9.41826441826442  
 frame1074, 46811, 6.007417674084341  
 frame331, 7349, 0.9431226097892764  
 frame1712, 50368, 6.463899797233132  
 frame1706, 42766, 5.488308821642154  
 frame325, 16130, 2.0700187366854035  
 frame1060, 41362, 5.308128641461973  
 frame1048, 37703, 4.8385565052231705  
 frame319, 6284, 0.8064474731141401  
 frame318, 6645, 0.8527758527758528  
 frame1049, 37053, 4.755139755139754  
 frame1707, 55103, 7.071558738225404  
 frame1061, 41072, 5.270911937578603  
 frame324, 8552, 1.0975077641744309  
 frame330, 16479, 2.114807114807115  
 frame1075, 45573, 5.848540848540848  
 frame1713, 61641, 7.910602910602912  
 frame1920, 43025, 5.521547188213855  
 frame1908, 63738, 8.17971817971818  
 frame1539, 42130, 5.406688740022072  
 frame1505, 57716, 7.40689407356074  
 frame2018, 69574, 8.928672262005591  
 frame1511, 66184, 8.493621826955161  
 frame708, 18522, 2.376992376992377  
 frame1317, 59992, 7.698981032314366  
 frame734, 20752, 2.663175996509329  
 frame720, 12947, 1.6615333281999944  
 frame1303, 44323, 5.688124021457354  
 frame913, 36898, 4.7352480685814005  
 frame907, 33280, 4.270937604270936  
 frame2805, 58778, 7.543184209850876  
 frame2811, 40405, 5.185313518646851  
 frame2420, 46661, 5.9881676548343235  
 frame1129, 43901, 5.633967300633968  
 frame536, 11316, 1.4522214522214523  
 frame2408, 45793, 5.876774210107542  
 frame1101, 43457, 5.57698724365391  
 frame522, 10159, 1.3037396370729704  
 frame534, 11713, 1.5031698365031696  
 frame520, 11244, 1.442981442981443  
 frame1103, 34593, 4.439439439439438  
 frame508, 8976, 1.1519211519211519  
 frame2807, 51875, 6.65729832396499  
 frame2813, 63132, 8.101948101948102  
 frame939, 35516, 4.55789122455789  
 frame911, 32682, 4.194194194194195  
 frame905, 33191, 4.259515926182593  
 frame736, 20904, 2.682682682682683  
 frame1315, 46450, 5.961089294422627  
 frame2608, 41398, 5.312748646081981  
 frame1301, 43155, 5.5382305382305415  
 frame722, 18978, 2.435512435512435  
 frame2620, 56859, 7.296912296912298  
 frame1329, 59780, 7.671774338441004  
 frame1507, 60774, 7.799337799337798  
 frame1513, 41276, 5.297091963758627  
 frame1088, 38303, 4.915556582223249  
 frame326, 18243, 2.3411873411873407  
 frame1063, 34524, 4.43058443058443  
 frame1705, 72843, 9.348194348194346  
 frame2218, 68322, 8.76799876799877  
 frame1711, 57670, 7.400990734324067  
 frame1077, 40148, 5.152331818998484  
 frame332, 7794, 1.0002310002310004  
 frame1710, 62167, 7.978106311439645  
 frame2219, 66096, 8.48232848232848  
 frame333, 15727, 2.018300351633685  
 frame1076, 30666, 3.9354739354739356  
 frame1062, 43825, 5.6242139575472905  
 frame327, 11561, 1.4836631503298168  
 frame1704, 57853, 7.424475757809091  
 frame1089, 48278, 6.195682862349531  
 frame1512, 48405, 6.211981211981211  
 frame1506, 48514, 6.225969559302893  
 frame1328, 52278, 6.7090167090167085  
 frame1300, 40490, 5.196221862888529  
 frame2609, 50510, 6.4821231487898165  
 frame723, 18111, 2.324247324247324  
 frame737, 25558, 3.279946613279946  
 frame1314, 37158, 4.768614768614768  
 frame904, 34339, 4.4068427401760735  
 frame910, 34989, 4.490259490259491  
 frame2812, 55753, 7.154975488308823  
 frame938, 37325, 4.7900464567131245  
 frame2806, 62295, 7.994532994532992  
 frame509, 10412, 1.3362080028746692  
 frame521, 11755, 1.5085598418931754  
 frame1102, 37551, 4.819049819049819  
 frame535, 12055, 1.5470598803932132  
 frame519, 10645, 1.3661096994430328  
 frame531, 8219, 1.054772721439388  
 frame1106, 41744, 5.357152023818689  
 frame525, 11849, 1.520623187289854  
 frame914, 34817, 4.468186134852802  
 frame900, 31081, 3.9887323220656543  
 frame2802, 40116, 5.1482251482251495  
 frame928, 32088, 4.117964117964119  
 frame2816, 41412, 5.314545314545314  
 frame1338, 47384, 6.080952747619414  
 frame1310, 52222, 6.701830035163367  
 frame2619, 78350, 10.05492672159339  
 frame733, 22205, 2.849644516311183  
 frame727, 12302, 1.578758245424912  
 frame1304, 46061, 5.911167577834244  
 frame1502, 53682, 6.8891968891968896  
 frame1516, 41987, 5.388337055003722  
 frame1099, 32454, 4.164934164934166  
 frame1700, 85823, 11.013962680629344  
 frame2209, 44973, 5.771540771540772  
 frame323, 5283, 0.6779856779856781  
 frame1066, 36332, 4.662611329277997  
 frame1072, 44411, 5.699417366084034  
 frame337, 8303, 1.065552732219399  
 frame1714, 69348, 8.899668899668903  
 frame336, 9116, 1.1698878365545033  
 frame1073, 41836, 5.368958702292035  
 frame1715, 62666, 8.042144708811373  
 frame2208, 52274, 6.708503375170043  
 frame1701, 79031, 10.142321808988477  
 frame1067, 39656, 5.089191755858422  
 frame322, 16330, 2.095685429018762  
 frame2220, 54138, 6.947716947716947  
 frame1098, 46508, 5.968532635199302  
 frame1517, 51336, 6.588126588126589  
 frame1503, 58471, 7.50378583711917  
 frame726, 13471, 1.7287800621133955  
 frame1305, 42900, 5.505505505505504  
 frame2618, 67351, 8.643386976720308  
 frame1311, 53976, 6.926926926926928  
 frame732, 19109, 2.4523241189907856  
 frame1339, 48978, 6.285516285516286  
 frame2817, 37209, 4.775159775159774  
 frame2803, 44172, 5.66874566874567  
 frame929, 37427, 4.803136469803137  
 frame901, 33130, 4.251687585020919  
 frame915, 36777, 4.719719719719717  
 frame1107, 40131, 5.150150150150149  
 frame524, 10477, 1.3445496778830115  
 frame530, 9380, 1.2037678704345371  
 frame518, 12586, 1.615204948538282  
 frame1139, 36389, 4.669926336593003  
 frame526, 13189, 1.6925900259233597  
 frame1105, 52163, 6.694258360925028  
 frame2418, 48103, 6.173224506557841  
 frame1111, 28392, 3.6436436436436432  
 frame532, 12340, 1.5836349169682502  
 frame903, 34834, 4.470367803701138  
 frame917, 40204, 5.159518492851827  
 frame2815, 73074, 9.37783937783938  
 frame2801, 53482, 6.86353019686353  
 frame718, 17415, 2.2349272349272353  
 frame1307, 53877, 6.914221914221916  
 frame724, 16271, 2.0881137547804216  
 frame730, 14008, 1.7976951310284643  
 frame1313, 60138, 7.7177177177177185  
 frame2020, 54011, 6.9314185980852665  
 frame1529, 54008, 6.931033597700264  
 frame1515, 44461, 5.705834039167374  
 frame2008, 56264, 7.220553887220552  
 frame1501, 54677, 7.01688868355535  
 frame1918, 39891, 5.119350119350117  
 frame308, 3532, 0.4532737866071198  
 frame1059, 57538, 7.384050717384051  
 frame1717, 56177, 7.2093888760555425  
 frame1071, 43899, 5.633710633710634  
 frame334, 27834, 3.572033572033572  
 frame320, 8382, 1.0756910756910758  
 frame1065, 35407, 4.543902877236212  
 frame1703, 54452, 6.988013654680321  
 frame1064, 36764, 4.71805138471805  
 frame321, 14856, 1.9065219065219066  
 frame1702, 69798, 8.95741895741896  
 frame1716, 86782, 11.137034470367803  
 frame335, 15905, 2.0411437078103742  
 frame1070, 42418, 5.443648776982111  
 frame1058, 41480, 5.323271989938657  
 frame309, 8547, 1.096866096866097  
 frame1919, 50031, 6.42065142065142  
 frame1500, 38182, 4.900028233361566  
 frame2009, 51872, 6.656913323579991  
 frame1514, 43364, 5.565052231718899  
 frame1528, 64469, 8.273529940196607  
 frame731, 18146, 2.3287389954056623  
 frame1312, 44294, 5.684402351069018  
 frame1306, 43428, 5.573265573265574  
 frame725, 14155, 1.8165601498934831  
 frame719, 21403, 2.746721080054413  
 frame2800, 46905, 6.019481019481018  
 frame2814, 60876, 7.812427812427812  
 frame916, 31829, 4.084725751392419  
 frame902, 36196, 4.645157978491311  
 frame1110, 28921, 3.7115320448653786  
 frame2419, 42594, 5.466235466235467  
 frame533, 13651, 1.7518800852134186  
 frame527, 11112, 1.4260414260414265  
 frame1104, 40947, 5.254870254870253  
 frame1138, 40324, 5.174918508251841  
 frame1121, 42286, 5.426708760042093  
 frame502, 8191, 1.0511793845127178  
 frame516, 12168, 1.561561561561562  
 frame1135, 37334, 4.791201457868125  
 frame2414, 35380, 4.5404378737712054  
 frame2400, 54547, 7.000205333538667  
 frame1109, 31213, 4.005672339005671  
 frame927, 37165, 4.769513102846438  
 frame2819, 44510, 5.712122378789047  
 frame933, 37305, 4.7874797874797865  
 frame700, 13749, 1.7644567644567646  
 frame1323, 66382, 8.51903185236519  
 frame1337, 56191, 7.211185544518878  
 frame714, 21549, 2.765457765457765  
 frame2616, 58979, 7.568979235645903  
 frame2602, 49726, 6.381509714843047  
 frame728, 10606, 1.3611046944380276  
 frame1531, 34180, 4.3864377197710525  
 frame1525, 54884, 7.04345371012038  
 frame2004, 38189, 4.900926567593235  
 frame2010, 41264, 5.29555196221863  
 frame1519, 36833, 4.726906393573062  
 frame1096, 27939, 3.5855085855085855  
 frame1082, 60176, 7.722594389261056  
 frame1914, 46099, 5.916044249377583  
 frame1900, 33105, 4.248479248479249  
 frame310, 13008, 1.6693616693616697  
 frame1055, 37025, 4.751546418213083  
 frame1041, 45770, 5.873822540489209  
 frame304, 22406, 2.8754395421062084  
 frame1069, 44880, 5.75960575960576  
 frame2206, 38297, 4.914786581453249  
 frame2212, 54570, 7.003157003157004  
 frame338, 10723, 1.3761197094530424  
 frame2213, 58016, 7.4453941120607805  
 frame339, 17147, 2.200533867200534  
 frame1068, 46027, 5.906804240137572  
 frame2207, 34826, 4.469341136007803  
 frame305, 9485, 1.2172428839095506  
 frame1040, 58706, 7.533944200610867  
 frame1054, 38445, 4.933779933779934  
 frame311, 10965, 1.4071764071764068  
 frame1901, 31793, 4.0801057467724124  
 frame1915, 33862, 4.345627678961012  
 frame1083, 30239, 3.880675547342214  
 frame1097, 30044, 3.855650522317189  
 frame1518, 27646, 3.5479068812402144  
 frame2011, 66028, 8.473601806935141  
 frame2005, 41210, 5.2886219552886224  
 frame1524, 45403, 5.826724160057492  
 frame1530, 64345, 8.257616590949926  
 frame2603, 46569, 5.9763609763609775  
 frame729, 10940, 1.403968070634737  
 frame2617, 79486, 10.200713534046868  
 frame1336, 55393, 7.108775442108776  
 frame715, 19364, 2.4850491517158178  
 frame701, 11612, 1.4902081568748233  
 frame1322, 55591, 7.1341854675188  
 frame2818, 55501, 7.122635455968789  
 frame932, 30697, 3.9394522727856063  
 frame926, 34037, 4.368086034752701  
 frame1108, 43797, 5.620620620620619  
 frame2401, 50963, 6.540258206924872  
 frame2415, 44339, 5.690177356844023  
 frame517, 11944, 1.5328148661482  
 frame1134, 34211, 4.390416057082723  
 frame503, 7826, 1.0043376710043377  
 frame1136, 39245, 5.03644670311337  
 frame515, 13084, 1.679115012448346  
 frame501, 8142, 1.0448910448910451  
 frame1122, 25852, 3.317676651009984  
 frame2403, 62378, 8.005184671851337  
 frame529, 9133, 1.1720695054028383  
 frame2417, 45689, 5.863427530094197  
 frame918, 34667, 4.448936115602783  
 frame930, 34049, 4.369626036292703  
 frame924, 40526, 5.200841867508535  
 frame717, 20335, 2.6096609429942763  
 frame1334, 72001, 9.240137573470907  
 frame1320, 60323, 7.741459408126074  
 frame703, 15889, 2.0390903724237055  
 frame1308, 53333, 6.844408511075177  
 frame2601, 50001, 6.416801416801416  
 frame2615, 41962, 5.385128718462051  
 frame1526, 48012, 6.161546161546161  
 frame1532, 47519, 6.09827776494443  
 frame2013, 46457, 5.961987628654296  
 frame2007, 61899, 7.943712943712943  
 frame1081, 50565, 6.489181489181488  
 frame1095, 30243, 3.8811888811888817  
 frame1903, 29408, 3.774030440697109  
 frame1917, 44223, 5.675290675290677  
 frame1042, 41525, 5.329046995713663  
 frame307, 3523, 0.4521187854521187  
 frame313, 3940, 0.5056338389671725  
 frame1056, 41079, 5.271810271810274  
 frame1718, 53950, 6.923590256923588  
 frame2211, 45809, 5.878827545494213  
 frame2205, 42498, 5.453915453915456  
 frame2204, 39899, 5.120376787043454  
 frame2210, 36059, 4.62757629424296  
 frame1719, 72868, 9.35140268473602  
 frame1057, 35642, 4.574061240727906  
 frame312, 9383, 1.2041528708195373  
 frame306, 6824, 0.8757475424142089  
 frame1043, 47548, 6.101999435332769  
 frame1916, 35079, 4.501809501809503  
 frame1902, 35813, 4.5960062626729306  
 frame1094, 32382, 4.155694155694156  
 frame1080, 61034, 7.832704499371166  
 frame2006, 70454, 9.041605708272375  
 frame2012, 72280, 9.275942609275944  
 frame1533, 65322, 8.382998382998384  
 frame1527, 45962, 5.898462565129231  
 frame2614, 31090, 3.9898873232206564  
 frame2600, 62984, 8.082954749621415  
 frame1309, 55056, 7.065527065527067  
 frame1321, 50181, 6.439901439901441  
 frame702, 14935, 1.9166602499935836  
 frame716, 19737, 2.5329175329175335  
 frame1335, 66606, 8.547778547778545  
 frame925, 29051, 3.7282153948820618  
 frame931, 36526, 4.687508020841353  
 frame919, 39260, 5.038371705038373  
 frame2416, 47280, 6.067606067606068  
 frame2402, 52574, 6.74700341367008  
 frame528, 12540, 1.6093016093016097  
 frame500, 10697, 1.3727830394497058  
 frame1123, 33417, 4.288519288519288  
 frame1137, 34076, 4.373091039757705  
 frame514, 11802, 1.5145915145915145  
 frame2406, 42315, 5.430430430430431  
 frame2412, 51309, 6.5846615846615855  
 frame538, 11302, 1.4504247837581172  
 frame510, 11432, 1.4671081337748002  
 frame1133, 40316, 5.173891840558508  
 frame1127, 47251, 6.063884397217731  
 frame504, 8227, 1.0557993891327224  
 frame935, 38490, 4.939554939554941  
 frame921, 38358, 4.922614922614921  
 frame909, 30151, 3.869382202715536  
 frame2604, 53948, 6.923333590000257  
 frame2610, 66481, 8.531736865070195  
 frame1319, 49623, 6.368291368291368  
 frame1331, 50134, 6.433869767203101  
 frame712, 17924, 2.300248966915634  
 frame706, 16657, 2.137650470983804  
 frame1325, 52325, 6.7150483817150475  
 frame2016, 51958, 6.667950001283334  
 frame2002, 53846, 6.910243576910243  
 frame1523, 42478, 5.451348784682119  
 frame1537, 39820, 5.110238443571777  
 frame1906, 36283, 4.656322989656323  
 frame1912, 43390, 5.568388901722233  
 frame1084, 31775, 4.077795744462411  
 frame1090, 53542, 6.871230204563538  
 frame2214, 39468, 5.065065065065064  
 frame2200, 45481, 5.836734170067505  
 frame1709, 55520, 7.125073791740459  
 frame1047, 34260, 4.396704396704396  
 frame302, 12049, 1.5462898796232127  
 frame316, 17649, 2.264957264957265  
 frame1053, 53713, 6.893175226508559  
 frame1052, 33721, 4.3275326608659945  
 frame317, 11662, 1.4966248299581633  
 frame1720, 82333, 10.56607889941223  
 frame303, 17531, 2.2498139164805835  
 frame1046, 55422, 7.112497112497113  
 frame1708, 73027, 9.371807705141038  
 frame2201, 53159, 6.822078488745157  
 frame2215, 37847, 4.857036523703191  
 frame1091, 43741, 5.61343394676728  
 frame1085, 41912, 5.378712045378711  
 frame1913, 63830, 8.191524858191526  
 frame1907, 49291, 6.325684659017994  
 frame1536, 58059, 7.450912450912452  
 frame1522, 50077, 6.426554759888093  
 frame2003, 45274, 5.8101691435024785  
 frame2017, 62298, 7.994917994917995  
 frame707, 21547, 2.765201098534432  
 frame1324, 47660, 6.116372783039448  
 frame1330, 44339, 5.690177356844023  
 frame713, 14156, 1.8166884833551498  
 frame1318, 65308, 8.381201714535045  
 frame2611, 55937, 7.178588845255511  
 frame2605, 51264, 6.578886578886578  
 frame908, 34417, 4.416852750186085  
 frame920, 34724, 4.456251122917791  
 frame934, 35367, 4.538769538769538  
 frame1126, 37320, 4.78940478940479  
 frame505, 8346, 1.0710710710710711  
 frame511, 11547, 1.4818664818664817  
 frame1132, 40851, 5.242550242550243  
 frame2413, 32026, 4.110007443340778  
 frame539, 11590, 1.4873848207181546  
 frame2407, 59936, 7.691794358461026  
 frame2411, 61006, 7.829111162444496  
 frame2405, 41288, 5.298631965298632  
 frame507, 9968, 1.2792279458946123  
 frame1124, 40109, 5.14732681399348  
 frame1130, 43491, 5.581350581350582  
 frame513, 10720, 1.3757347090680425  
 frame2808, 48954, 6.282436282436283  
 frame922, 22128, 2.839762839762839  
 frame936, 48975, 6.285131285131285  
 frame2820, 47517, 6.098021098021095  
 frame2613, 64226, 8.242344909011575  
 frame739, 29386, 3.771207104540438  
 frame2607, 45549, 5.845460845460844  
 frame1326, 55185, 7.082082082082081  
 frame705, 19510, 2.50378583711917  
 frame711, 16060, 2.061035394368728  
 frame1332, 58832, 7.550114216780885  
 frame1508, 66155, 8.489900156566824  
 frame2001, 55331, 7.100818767485435  
 frame2015, 47806, 6.135109468442803  
 frame1534, 41025, 5.264880264880265  
 frame1520, 51216, 6.572726572726574  
 frame1911, 55328, 7.100433767100435  
 frame1905, 79817, 10.243191909858577  
 frame1093, 69726, 8.948178948178946  
 frame1087, 39616, 5.084058417391752  
 frame2203, 41053, 5.268473601806935  
 frame329, 10372, 1.3310746644079983  
 frame1078, 33794, 4.33690100356767  
 frame2217, 48981, 6.285901285901286  
 frame315, 8650, 1.1100844434177766  
 frame1050, 44462, 5.705962372629039  
 frame1044, 47152, 6.051179384512718  
 frame301, 22796, 2.9254895921562594  
 frame300, 15433, 1.9805703139036468  
 frame1045, 46953, 6.025641025641025  
 frame1051, 44763, 5.744590744590742  
 frame314, 5428, 0.6965940299273634  
 frame1079, 48385, 6.209414542747877  
 frame2216, 46740, 5.998305998306  
 frame2202, 44711, 5.737917404584071  
 frame328, 5253, 0.6741356741356741  
 frame1086, 57837, 7.4224224224224224  
 frame1092, 47197, 6.056954390287724  
 frame1904, 55085, 7.0692487359154015  
 frame1910, 87139, 11.182849516182849  
 frame1521, 48542, 6.229562896229562  
 frame1535, 47317, 6.072354405687738  
 frame2014, 46228, 5.9325992659326  
 frame2000, 48583, 6.234824568157902  
 frame1509, 57063, 7.3230923230923235  
 frame710, 18391, 2.3601806935140264  
 frame1333, 62418, 8.010318010318011  
 frame1327, 50310, 6.456456456456456  
 frame704, 15452, 1.983008649675316  
 frame2606, 72863, 9.350761017427686  
 frame2612, 53331, 6.8441518441518445  
 frame738, 24312, 3.1200431200431202  
 frame937, 38687, 4.964836631503298  
 frame2809, 25028, 3.2119298785965444  
 frame923, 25934, 3.328199994866661  
 frame1131, 29387, 3.771335438002105  
 frame512, 8854, 1.1362644695978033  
 frame506, 9507, 1.2200662200662205  
 frame1125, 29411, 3.774415441082107  
 frame2404, 47712, 6.123046123046122  
 frame2410, 55660, 7.143040476373809  
 frame1803, 87607, 11.24290957624291  
 frame1817, 54202, 6.955930289263625  
 frame1624, 80585, 10.341752008418668  
 frame207, 5419, 0.6954390287723621  
 frame213, 6149, 0.7891224557891227  
 frame1630, 51734, 6.639203305869973  
 frame1618, 69994, 8.982572315905651  
 frame2311, 70475, 9.04430071096738  
 frame2305, 75320, 9.666076332743  
 frame1426, 43115, 5.5330971997638665  
 frame1432, 50631, 6.497651497651499  
 frame2113, 47736, 6.126126126126127  
 frame2107, 56378, 7.235183901850569  
 frame818, 19892, 2.5528092194758867  
 frame830, 35317, 4.532352865686199  
 frame824, 24213, 3.107338107338107  
 frame1234, 42829, 5.496393829727162  
 frame617, 17653, 2.2654705988039323  
 frame603, 16253, 2.0858037524704183  
 frame1220, 54758, 7.027283693950362  
 frame1208, 46677, 5.99022099022099  
 frame2701, 60537, 7.76892276892277  
 frame2715, 64100, 8.226174892841557  
 frame415, 5593, 0.7177690511023844  
 frame1036, 38695, 4.965863299196634  
 frame1022, 35234, 4.521701188367855  
 frame401, 8095, 1.0388593721927055  
 frame429, 6487, 0.8324991658324992  
 frame2503, 60596, 7.776494443161111  
 frame2517, 55524, 7.125587125587126  
 frame2516, 36150, 4.63925463925464  
 frame428, 6516, 0.8362208362208363  
 frame2502, 52809, 6.777161777161779  
 frame1023, 37768, 4.8468981802315145  
 frame400, 6886, 0.8837042170375503  
 frame414, 6534, 0.8385308385308384  
 frame1037, 43398, 5.569415569415569  
 frame2714, 55448, 7.11583378250045  
 frame2700, 44433, 5.702240702240704  
 frame1209, 30594, 3.926233926233926  
 frame602, 11995, 1.5393598726932058  
 frame1221, 40627, 5.21380354713688  
 frame1235, 46704, 5.993685993685996  
 frame616, 22952, 2.945509612176279  
 frame825, 29485, 3.78391211724545  
 frame831, 28221, 3.6216986216986213  
 frame819, 19049, 2.444624111290777  
 frame2106, 43731, 5.612150612150611  
 frame2112, 43806, 5.621775621775621  
 frame1433, 40541, 5.202766869433536  
 frame1427, 42716, 5.481892148558816  
 frame2304, 57453, 7.3731423731423735  
 frame2310, 57050, 7.321423988090656  
 frame1619, 74973, 9.621544621544622  
 frame212, 5299, 0.680039013372347  
 frame1631, 68128, 8.74310207643541  
 frame1625, 45924, 5.893585893585893  
 frame206, 5931, 0.761145761145761  
 frame1816, 56537, 7.255588922255589  
 frame1802, 93634, 12.016375349708685  
 frame1814, 53057, 6.808988475655141  
 frame1800, 69689, 8.943430610097279  
 frame1633, 50033, 6.4209080875747535  
 frame210, 3077, 0.3948820615487282  
 frame204, 9963, 1.2785862785862785  
 frame1627, 68831, 8.833320499987167  
 frame2306, 48720, 6.252406252406252  
 frame3018, 37388, 4.79813146479813  
 frame238, 14553, 1.8676368676368675  
 frame2312, 47677, 6.1185544518877855  
 frame1431, 39495, 5.068530068530068  
 frame1425, 57843, 7.423192423192423  
 frame2104, 52965, 6.797181797181797  
 frame2110, 56120, 7.202073868740536  
 frame1419, 45568, 5.847899181232514  
 frame827, 26541, 3.4060984060984056  
 frame833, 30022, 3.8528271861605194  
 frame2919, 69604, 8.9325222658556  
 frame1223, 52580, 6.747773414440081  
 frame600, 12326, 1.5818382485049152  
 frame614, 15693, 2.0139370139370136  
 frame1237, 52856, 6.783193449860116  
 frame2716, 69937, 8.975257308590642  
 frame628, 14436, 1.8526218526218527  
 frame2702, 68310, 8.766458766458763  
 frame402, 6434, 0.8256974923641592  
 frame1021, 33795, 4.337029337029335  
 frame1035, 47011, 6.033084366417701  
 frame416, 6794, 0.8718975385642054  
 frame2514, 24675, 3.1666281666281657  
 frame2500, 53940, 6.922306922306923  
 frame1009, 27358, 3.510946844280178  
 frame1008, 23488, 3.0142963476296813  
 frame2501, 61097, 7.840789507456173  
 frame2515, 27074, 3.474500141166808  
 frame1034, 42342, 5.433895433895433  
 frame417, 7843, 1.0065193398526728  
 frame403, 8005, 1.0273093606426937  
 frame1020, 41179, 5.2846436179769505  
 frame629, 14088, 1.807961807961808  
 frame2703, 41277, 5.297220297220298  
 frame2717, 40214, 5.160801827468494  
 frame615, 15172, 1.947075280408614  
 frame1236, 54478, 6.99135032468366  
 frame1222, 51826, 6.651009984343316  
 frame601, 14831, 1.903313569980237  
 frame832, 22033, 2.8275711609044945  
 frame2918, 53942, 6.922563589230256  
 frame826, 22842, 2.9313929313929314  
 frame1418, 54532, 6.998280331613667  
 frame2111, 40303, 5.172223505556838  
 frame2105, 49122, 6.303996303996306  
 frame1424, 51714, 6.636636636636638  
 frame1430, 34364, 4.410051076717744  
 frame239, 9076, 1.1647544980878317  
 frame2313, 45304, 5.814019147352481  
 frame3019, 38900, 4.992171658838326  
 frame2307, 45880, 5.887939221272556  
 frame205, 17312, 2.221708888375556  
 frame1626, 51634, 6.626369959703293  
 frame1632, 51820, 6.650239983573319  
 frame211, 4778, 0.6131772798439465  
 frame1801, 85586, 10.983547650214318  
 frame1815, 46193, 5.928107594774262  
 frame1811, 64698, 8.302918302918302  
 frame1805, 62521, 8.02353635686969  
 frame229, 8950, 1.1485844819178153  
 frame2303, 50308, 6.456199789533121  
 frame2317, 42334, 5.4328687662021  
 frame3009, 49254, 6.3209363209363225  
 frame215, 6992, 0.8973075639742305  
 frame1622, 59059, 7.579245912579246  
 frame201, 8490, 1.0895510895510896  
 frame1408, 46238, 5.933882600549268  
 frame2101, 71200, 9.137342470675804  
 frame2115, 34464, 4.422884422884423  
 frame1434, 57332, 7.357614024280692  
 frame1420, 65621, 8.421370088036754  
 frame822, 24633, 3.1612381612381615  
 frame2908, 41688, 5.349965349965349  
 frame836, 41814, 5.3661353661353655  
 frame2920, 47614, 6.1104694438027805  
 frame639, 8481, 1.0883960883960884  
 frame2713, 62236, 7.986961320294653  
 frame2707, 54895, 7.044865378198713  
 frame605, 20582, 2.641359308025974  
 frame1226, 47761, 6.129334462667797  
 frame1232, 44820, 5.751905751905754  
 frame611, 17087, 2.1928338595005266  
 frame1018, 49738, 6.3830497163830495  
 frame2511, 44985, 5.773080773080772  
 frame2505, 42542, 5.4595621262287946  
 frame1024, 33343, 4.279022612355946  
 frame407, 10320, 1.3244013244013246  
 frame413, 6154, 0.7897641230974564  
 frame1030, 49167, 6.3097713097713095  
 frame412, 6019, 0.7724391057724391  
 frame1031, 36707, 4.710736377403044  
 frame1025, 38738, 4.971381638048305  
 frame406, 12641, 1.6222632889299555  
 frame2504, 40807, 5.236903570236904  
 frame2510, 54789, 7.03126203126203  
 frame1019, 43084, 5.529118862452196  
 frame1233, 48888, 6.2739662739662725  
 frame610, 12903, 1.655886655886656  
 frame604, 19762, 2.536125869459202  
 frame1227, 48313, 6.2001745335078695  
 frame2706, 41223, 5.290290290290287  
 frame638, 12548, 1.6103282769949436  
 frame2712, 51640, 6.6271399604732935  
 frame837, 35433, 4.547239547239549  
 frame823, 24181, 3.10323143656477  
 frame2909, 52399, 6.724545057878389  
 frame1421, 40899, 5.248710248710248  
 frame1435, 51768, 6.643566643566643  
 frame2114, 44714, 5.7383024049690725  
 frame2100, 53383, 6.850825184158516  
 frame1409, 59709, 7.662662662662663  
 frame1623, 64436, 8.269294935961602  
 frame200, 13662, 1.7532917532917536  
 frame214, 6928, 0.8890942224275559  
 frame3020, 57926, 7.4338441005107665  
 frame3008, 40840, 5.241138574471908  
 frame2316, 70928, 9.102435769102437  
 frame228, 7439, 0.954672621339288  
 frame2302, 54599, 7.00687867354534  
 frame1804, 68216, 8.75439542106209  
 frame1810, 55616, 7.137393804060469  
 frame1806, 62129, 7.9732296398963065  
 frame1812, 41490, 5.324555324555325  
 frame2314, 48472, 6.220579553912886  
 frame2300, 72590, 9.315725982392646  
 frame1609, 60690, 7.788557788557789  
 frame202, 4732, 0.6072739406072739  
 frame1621, 57438, 7.371217371217372  
 frame216, 6844, 0.8783142116475451  
 frame2116, 41906, 5.37794204460871  
 frame2102, 45684, 5.862785862785862  
 frame1423, 58708, 7.534200867534201  
 frame1437, 61924, 7.946921280254615  
 frame835, 30854, 3.9596006262672927  
 frame821, 18675, 2.3966273966273968  
 frame809, 38743, 4.972023305356638  
 frame2704, 54157, 6.950155283488615  
 frame2710, 63543, 8.154693154693152  
 frame1219, 50364, 6.4633864633864615  
 frame612, 14860, 1.9070352403685735  
 frame1231, 43763, 5.616257282923952  
 frame1225, 43274, 5.553502220168885  
 frame606, 10329, 1.325556325556326  
 frame2506, 46642, 5.985729319062652  
 frame438, 15767, 2.0234336901003567  
 frame2512, 58863, 7.554092554092555  
 frame1033, 34699, 4.45304278637612  
 frame410, 10524, 1.3505813505813506  
 frame404, 9788, 1.2561279227945896  
 frame1027, 36047, 4.626036292702959  
 frame405, 9196, 1.1801545134878462  
 frame1026, 38724, 4.969584969584968  
 frame1032, 43682, 5.605862272528938  
 frame411, 9288, 1.191961191961192  
 frame439, 14816, 1.9013885680552347  
 frame2513, 65716, 8.433561766895101  
 frame2507, 30469, 3.9101922435255765  
 frame1224, 54009, 6.93116193116193  
 frame607, 13390, 1.718385051718385  
 frame613, 19257, 2.4713174713174713  
 frame1230, 41369, 5.309026975693643  
 frame1218, 42831, 5.496650496650498  
 frame2711, 60338, 7.743384410051076  
 frame2705, 62951, 8.078719745386412  
 frame808, 43793, 5.620107286773955  
 frame820, 28337, 3.6365853032519704  
 frame834, 33796, 4.3371576704910035  
 frame1436, 50214, 6.4441364441364435  
 frame1422, 51265, 6.579014912348247  
 frame2103, 44209, 5.67349400682734  
 frame2117, 56360, 7.232873899540566  
 frame217, 5945, 0.7629424296090962  
 frame203, 5093, 0.6536023202689868  
 frame1620, 50381, 6.4655681322348  
 frame1608, 46968, 6.027566027566029  
 frame2301, 59760, 7.669207669207666  
 frame2315, 67253, 8.630810297476964  
 frame1813, 52013, 6.675008341675006  
 frame1807, 63377, 8.133389800056467  
